write_ratio         ,hot_key_ratio        ,trans_arrival_rate ,execution_delay (us) ,blocksize ,early_execution ,reorder ,throughput          ,feature_extraction_overhead (s) ,training_overhead (s) ,inference_overhead (s) ,episode_duration (s)
0.501               ,0.061734566358410396 ,4109.348109453309  , 12.429100000000348  ,      1.0 ,            1.0 ,    0.0 , 138.33448038540948 ,                       0.13343  ,             0        ,              0.015631 ,            4.458988
0.5003              ,0.06433624635871826  ,3798.618518417222  , 11.208500000000308  ,      1.0 ,            1.0 ,    0.0 , 134.72706155632986 ,                       0.193166 ,             0.19396  ,              0.014229 ,            4.388119
0.4937              ,0.06295955882352941  ,3873.6643121243756 , 11.02020000000027   ,      1.0 ,            1.0 ,    0.0 , 153.73798921959224 ,                       0.207817 ,             0.173253 ,              0.016509 ,            4.366922
0.5048              ,0.061754151714929484 ,3824.5276134718215 , 11.425600000000323  ,     50.0 ,            1.0 ,    0.0 , 422.83710054559623 ,                       0.199178 ,             0.174346 ,              0.013984 ,            2.654919
0.4925              ,0.06161177060692192  ,4038.4313278887203 , 12.660300000000372  ,     50.0 ,            1.0 ,    0.0 , 415.27723924001555 ,                       0.145658 ,             0.170068 ,              0.014473 ,            2.64248
0.5008              ,0.06253124479253458  ,4105.862268029046  , 11.9270000000003    ,     50.0 ,            1.0 ,    0.0 , 429.97253825029424 ,                       0.13573  ,             0.171512 ,              0.014227 ,            2.666029
0.5033              ,0.062193805530183506 ,4051.9886349822764 , 12.240400000000323  ,     40.0 ,            1.0 ,    0.0 , 434.52615021628    ,                       0.156873 ,             0.171564 ,              0.014003 ,            2.637063
0.501               ,0.061261185916199716 ,4095.4569096501255 , 13.051500000000374  ,     50.0 ,            1.0 ,    0.0 , 425.5065554231228  ,                       0.136331 ,             0.168148 ,              0.014027 ,            2.632374
0.4974              ,0.061989327997332    ,4074.850106638827  , 11.98610000000033   ,     40.0 ,            1.0 ,    0.0 , 429.73602484472053 ,                       0.138744 ,             0.167565 ,              0.016007 ,            2.719389
0.4957              ,0.06097968736938895  ,3995.355798419917  , 12.64930000000037   ,     30.0 ,            1.0 ,    0.0 , 443.91971664698934 ,                       0.138701 ,             0.16923  ,              0.013962 ,            2.641583
0.5008008008008008  ,0.06106039031744702  ,4065.7172938683366 , 12.725225225225529  ,     30.0 ,            1.0 ,    0.0 , 424.45482866043614 ,                       0.136778 ,             0.1697   ,              0.014127 ,            2.65379
0.5019019019019019  ,0.06432190017440412  ,4048.496038431129  , 12.940440440440732  ,     30.0 ,            1.0 ,    0.0 , 413.8984345169912  ,                       0.138167 ,             0.167877 ,              0.014214 ,            2.692477
0.4888888888888889  ,0.061889658626158084 ,3993.7012255745594 , 13.288888888889154  ,     40.0 ,            1.0 ,    0.0 , 428.8545382481173  ,                       0.135948 ,             0.188383 ,              0.01428  ,            2.657305
0.5057              ,0.06052521884118383  ,4130.760035061891  , 13.741100000000314  ,     30.0 ,            1.0 ,    0.0 , 407.1456615626227  ,                       0.184423 ,             0.166199 ,              0.016366 ,            2.625093
0.5078078078078078  ,0.06138011500958413  ,4074.2201375773197 , 13.167367367367655  ,     40.0 ,            1.0 ,    0.0 , 437.54972155926805 ,                       0.139152 ,             0.169604 ,              0.014206 ,            2.631153
0.5009              ,0.0615250580816462   ,4068.6561310172374 , 12.32530000000033   ,     40.0 ,            1.0 ,    0.0 , 437.1044303797468  ,                       0.135751 ,             0.168279 ,              0.014323 ,            2.615138
0.4888              ,0.06170355466130114  ,4125.444877661995  , 13.259900000000298  ,     40.0 ,            1.0 ,    0.0 , 403.6557501904037  ,                       0.14217  ,             0.168218 ,              0.016026 ,            2.764237
0.5031              ,0.06387573718747404  ,3958.588414874317  , 11.903700000000303  ,     40.0 ,            1.0 ,    0.0 , 429.9880999603332  ,                       0.137743 ,             0.166607 ,              0.013971 ,            2.605091
0.4969              ,0.060636431971936855 ,4092.7029970454773 , 13.579800000000285  ,     40.0 ,            1.0 ,    0.0 , 428.40375586854464 ,                       0.13523  ,             0.167253 ,              0.014334 ,            2.63512
0.5029              ,0.061931011442412094 ,4101.610004975252  , 13.249400000000303  ,     30.0 ,            1.0 ,    0.0 , 453.52564102564105 ,                       0.137419 ,             0.171253 ,              0.014792 ,            2.597317
0.4964964964964965  ,0.0614115490375802   ,4089.5191233118967 , 13.111611611611918  ,     40.0 ,            1.0 ,    0.0 , 435.8095238095238  ,                       0.141304 ,             0.176781 ,              0.015319 ,            2.69803
0.5001              ,0.060835073068893526 ,3968.2161757189615 , 10.391200000000293  ,     40.0 ,            1.0 ,    0.0 , 427.48701558130244 ,                       0.136248 ,             0.17154  ,              0.014536 ,            2.614022
0.5008              ,0.0614406779661017   ,4077.861047700372  , 12.182500000000333  ,     40.0 ,            1.0 ,    0.0 , 444.79872459147066 ,                       0.136237 ,             0.166706 ,              0.014419 ,            2.642591
0.498               ,0.06261210528511242  ,4148.010987251503  , 13.006500000000331  ,     30.0 ,            1.0 ,    0.0 , 452.60663507109007 ,                       0.135529 ,             0.166288 ,              0.013756 ,            2.671981
0.5017017017017017  ,0.06180619313913697  ,4043.3230530124574 , 12.752652652653035  ,     40.0 ,            1.0 ,    0.0 , 442.8913738019169  ,                       0.139582 ,             0.165847 ,              0.016461 ,            2.604416
0.5039              ,0.06307129798903108  ,4114.489792979446  , 12.656100000000345  ,     40.0 ,            1.0 ,    0.0 , 419.8627371820751  ,                       0.138658 ,             0.177408 ,              0.014708 ,            2.577334
0.5079              ,0.06173096109078816  ,4169.230743573965  , 12.887800000000336  ,     30.0 ,            1.0 ,    0.0 , 397.83700270374663 ,                       0.135191 ,             0.167034 ,              0.014838 ,            2.663824
0.5065065065065065  ,0.0641110926326293   ,4034.818178733964  , 13.119419419419746  ,     40.0 ,            1.0 ,    0.0 , 409.37114673242905 ,                       0.136954 ,             0.169303 ,              0.014926 ,            2.554636
0.4984              ,0.06109579888081517  ,4226.657018617579  , 13.40350000000035   ,     40.0 ,            1.0 ,    0.0 , 411.90108191653786 ,                       0.134256 ,             0.164434 ,              0.013953 ,            2.6652
0.4984              ,0.06082379480324171  ,4047.994643693487  , 12.767300000000377  ,     30.0 ,            1.0 ,    0.0 , 423.7685691946834  ,                       0.134784 ,             0.163276 ,              0.014973 ,            2.645865
0.5003003003003003  ,0.0623279098873592   ,4051.9443857451056 , 12.27887887887917   ,     40.0 ,            1.0 ,    0.0 , 389.387436597737   ,                       0.139663 ,             0.168112 ,              0.014587 ,            2.621465
0.4972              ,0.061                ,4124.640022042076  , 12.923000000000327  ,     40.0 ,            1.0 ,    0.0 , 414.7196261682243  ,                       0.135306 ,             0.162942 ,              0.014099 ,            2.621894
0.5037              ,0.06300457761131918  ,4068.9094224142386 , 12.037900000000315  ,     20.0 ,            1.0 ,    0.0 , 421.25830402500975 ,                       0.135579 ,             0.161904 ,              0.013903 ,            2.654461
0.4959              ,0.061799618162198054 ,4073.860724479096  , 11.528500000000339  ,    650.0 ,            1.0 ,    0.0 , 332.5252525252525  ,                       0.147995 ,             0.163311 ,              0.016122 ,            2.541025
0.5051282051282051  ,0.06286324786324786  ,4094.268108632901  , 10.442256410256705  ,     30.0 ,            1.0 ,    0.0 , 413.312693498452   ,                       0.128929 ,             0.16335  ,              0.013953 ,            2.646834
0.4957957957957958  ,0.06319220963764785  ,4084.205775287734  , 12.272772772773056  ,     40.0 ,            1.0 ,    0.0 , 402.755905511811   ,                       0.138099 ,             0.161957 ,              0.014205 ,            2.6298
0.4983              ,0.0624167776298269   ,4115.615881338563  , 12.891500000000292  ,     40.0 ,            1.0 ,    0.0 , 423.24827865532603 ,                       0.140017 ,             0.162107 ,              0.016273 ,            2.55125
0.5059              ,0.06433258576293713  ,4166.935781269207  , 13.591800000000248  ,     40.0 ,            1.0 ,    0.0 , 412.23193010325656 ,                       0.136183 ,             0.163732 ,              0.014233 ,            2.656955
0.4928              ,0.06204440720569753  ,4045.163440783662  , 12.137000000000345  ,     40.0 ,            1.0 ,    0.0 , 460.27944111776446 ,                       0.134873 ,             0.162878 ,              0.014016 ,            2.605667
0.4915              ,0.061338134315859986 ,4141.563614210037  , 13.879700000000255  ,     30.0 ,            1.0 ,    0.0 , 414.73020874359986 ,                       0.134704 ,             0.161427 ,              0.013952 ,            2.658293
0.5121121121121122  ,0.06291611185086551  ,4061.130791176573  , 13.03863863863898   ,     30.0 ,            1.0 ,    0.0 , 430.56633048875096 ,                       0.142087 ,             0.165457 ,              0.015822 ,            2.637393
0.5035035035035035  ,0.06134713296052082  ,4071.3824605332657 , 13.866366366366554  ,     30.0 ,            1.0 ,    0.0 , 406.4818430300664  ,                       0.138978 ,             0.165264 ,              0.014681 ,            2.681441
0.501001001001001   ,0.06261487050960735  ,4029.584166275406  , 11.884484484484808  ,     30.0 ,            1.0 ,    0.0 , 439.79470983024083 ,                       0.13738  ,             0.164858 ,              0.014514 ,            2.631546
0.51001001001001    ,0.06312278507400458  ,4001.034902321081  , 12.488088088088471  ,     20.0 ,            1.0 ,    0.0 , 433.8006230529595  ,                       0.140883 ,             0.162728 ,              0.016268 ,            2.672223
0.5054              ,0.06245841650033267  ,4053.705106736082  , 12.407400000000372  ,     20.0 ,            0.0 ,    0.0 ,3949.447077409163   ,                       0.1401   ,             0.1641   ,              0.014312 ,            2.633065
0.5069              ,0.06374124433456943  ,4108.326715503716  ,  7.720100000000136  ,     20.0 ,            0.0 ,    0.0 ,4020.9087253719345  ,                       0.138052 ,             0.163161 ,              0.014086 ,            2.587317
0.502               ,0.06221408966148216  ,4149.782240176946  ,  7.40690000000027   ,     30.0 ,            0.0 ,    0.0 ,4067.589576547231   ,                       0.13718  ,             0.161743 ,              0.01444  ,            2.55682
0.5068068068068068  ,0.06219856976550807  ,4170.895665399811  ,  7.682182182182367  ,    150.0 ,            0.0 ,    0.0 ,4075.7513379991765  ,                       0.13576  ,             0.180825 ,              0.014353 ,            2.561231
0.4997979797979798  ,0.062086023308459796 ,4152.411103798952  ,  7.4747474747477325 ,    500.0 ,            0.0 ,    0.0 ,3859.5137012736395  ,                       0.135767 ,             0.166417 ,              0.014782 ,            2.69056
0.5065              ,0.06187541638907395  ,3968.710684959777  ,  7.419600000000199  ,    450.0 ,            0.0 ,    0.0 ,3923.900118906064   ,                       0.131939 ,             0.16324  ,              0.01416  ,            2.621905
0.5053535353535353  ,0.06140572390572391  ,4077.7927525677737 ,  7.522828282828529  ,     80.0 ,            0.0 ,    0.0 ,3865.481252415926   ,                       0.136524 ,             0.16108  ,              0.014435 ,            2.686775
0.5032              ,0.06224430157802455  ,4031.7736013978965 ,  7.600600000000182  ,     50.0 ,            0.0 ,    0.0 ,3862.4951718810353  ,                       0.140639 ,             0.161486 ,              0.016557 ,            2.689523
0.5026              ,0.06352373825559159  ,3958.1402915328654 ,  7.79620000000021   ,    250.0 ,            0.0 ,    0.0 ,3827.0187523918867  ,                       0.134389 ,             0.166663 ,              0.014022 ,            2.746551
0.4941              ,0.061052103370410636 ,3968.0146276891237 ,  8.205300000000152  ,    180.0 ,            0.0 ,    0.0 ,3891.509433962264   ,                       0.134192 ,             0.16725  ,              0.01425  ,            2.644985
0.492020202020202   ,0.0615981773689984   ,3987.5122394472905 ,  7.5873737373738805 ,     30.0 ,            0.0 ,    0.0 ,3836.4055299539173  ,                       0.152192 ,             0.161454 ,              0.014253 ,            2.736932
0.5023023023023023  ,0.06259382819015846  ,4009.0245188568624 ,  7.5796796796798205 ,    160.0 ,            0.0 ,    0.0 ,3955.342902711324   ,                       0.135723 ,             0.160181 ,              0.013943 ,            2.607958
0.49909274193548386 ,0.06317735024783667  ,4116.358499969086  ,  7.083064516129404  ,     20.0 ,            0.0 ,    0.0 ,4043.671653861707   ,                       0.130694 ,             0.161415 ,              0.014884 ,            2.611596
0.5097              ,0.061260064746409895 ,4178.781651136921  ,  7.601300000000239  ,     20.0 ,            0.0 ,    0.0 ,3979.307600477517   ,                       0.137207 ,             0.161383 ,              0.014227 ,            2.614019
0.4971              ,0.06127716260094913  ,4123.376369012497  ,  7.794800000000177  ,    140.0 ,            0.0 ,    0.0 ,3913.3858267716537  ,                       0.137636 ,             0.161896 ,              0.01437  ,            2.658185
0.5023138832997988  ,0.06235818135977813  ,4088.0350534611343 ,  7.429476861167227  ,     50.0 ,            0.0 ,    0.0 ,4025.7648953301127  ,                       0.132162 ,             0.161113 ,              0.014441 ,            2.620984
0.4998              ,0.06310557968593385  ,4139.879918643081  ,  7.603900000000194  ,    150.0 ,            0.0 ,    0.0 ,3944.2231075697214  ,                       0.140119 ,             0.159646 ,              0.016082 ,            2.635365
0.49333333333333335 ,0.06262668918918919  ,4127.977303630243  ,  7.440202020202249  ,     40.0 ,            0.0 ,    0.0 ,3979.307600477517   ,                       0.132328 ,             0.160741 ,              0.014289 ,            2.612526
0.4964              ,0.06041666666666667  ,4143.53022974632   ,  7.756600000000205  ,    150.0 ,            0.0 ,    0.0 ,4035.8744394618834  ,                       0.135092 ,             0.158396 ,              0.014299 ,            2.55269
0.49303030303030304 ,0.0637151754902786   ,4186.763483810124  ,  7.737676767676954  ,     20.0 ,            0.0 ,    0.0 ,4089.9795501022495  ,                       0.130507 ,             0.159982 ,              0.014932 ,            2.545452
0.4975              ,0.06352237814498049  ,4214.417776077026  ,  8.09989999999985   ,      1.0 ,            0.0 ,    0.0 ,2395.2095808383233  ,                       0.136786 ,             0.157575 ,              0.013879 ,            4.295807
0.4973              ,0.060722328801401285 ,3872.2858180629737 , 10.709700000000451  ,     20.0 ,            0.0 ,    0.0 ,4032.258064516129   ,                       0.193451 ,             0.162342 ,              0.014667 ,            2.610548
0.5002              ,0.06288942427515161  ,4111.566535631041  ,  7.701000000000185  ,     20.0 ,            0.0 ,    0.0 ,3869.9690402476776  ,                       0.148962 ,             0.162452 ,              0.014918 ,            2.685117
0.4946              ,0.062421920546347966 ,4015.896524803783  ,  7.669200000000171  ,     40.0 ,            0.0 ,    0.0 ,3984.06374501992    ,                       0.139959 ,             0.162308 ,              0.014577 ,            2.634189
0.4972              ,0.0613619356447992   ,4107.763056011403  ,  7.715200000000118  ,     50.0 ,            0.0 ,    0.0 ,4058.4415584415583  ,                       0.136036 ,             0.161539 ,              0.014349 ,            2.564687
0.4973              ,0.06391511404461525  ,4196.951166794394  ,  7.575500000000225  ,     30.0 ,            0.0 ,    0.0 ,4052.738336713996   ,                       0.132969 ,             0.160252 ,              0.014497 ,            2.596014
0.5075075075075075  ,0.0627027027027027   ,4108.885887313702  ,  7.921421421421611  ,     40.0 ,            0.0 ,    0.0 ,3985.6516540454363  ,                       0.135699 ,             0.160172 ,              0.014719 ,            2.610269
0.4948              ,0.0617366571858792   ,4057.748249994624  ,  7.9549000000002    ,     30.0 ,            0.0 ,    0.0 ,4046.172539489672   ,                       0.134894 ,             0.18372  ,              0.014706 ,            2.570093
0.4961961961961962  ,0.06225909167085638  ,4192.263322815606  ,  7.9364364364365745 ,     60.0 ,            0.0 ,    0.0 ,4008.0482897384304  ,                       0.156338 ,             0.159101 ,              0.014045 ,            2.585218
0.4968875502008032  ,0.06206260738381595  ,4160.246340048344  ,  7.882831325301388  ,     30.0 ,            0.0 ,    0.0 ,4018.503620273532   ,                       0.132575 ,             0.15654  ,              0.014305 ,            2.586818
0.5021021021021022  ,0.06355085733311137  ,4051.821129334617  ,  7.314214214214559  ,     20.0 ,            0.0 ,    0.0 ,3938.5584875935406  ,                       0.134976 ,             0.158244 ,              0.013964 ,            2.646494
0.5043              ,0.06267120444924047  ,4078.847382991125  ,  7.55610000000016   ,     30.0 ,            0.0 ,    0.0 ,4089.23454768727    ,                       0.136145 ,             0.157472 ,              0.013906 ,            2.555137
0.4944944944944945  ,0.061822763544729105 ,4170.5700530526565 ,  7.19489489489521   ,     30.0 ,            0.0 ,    0.0 ,3928.430987023201   ,                       0.135839 ,             0.175106 ,              0.014672 ,            2.643729
0.4966966966966967  ,0.06300525043753646  ,4073.826379147228  ,  7.357357357357603  ,     50.0 ,            0.0 ,    0.0 ,3961.9651347068148  ,                       0.135973 ,             0.160296 ,              0.014509 ,            2.634489
0.5031              ,0.06479013990672884  ,4061.548709138282  ,  7.402000000000234  ,    150.0 ,            0.0 ,    0.0 ,3759.96961640714    ,                       0.133173 ,             0.157887 ,              0.014224 ,            2.733001
0.4952525252525253  ,0.061051394020826336 ,3885.2890007468386 ,  7.482424242424457  ,     60.0 ,            0.0 ,    0.0 ,3827.82475019216    ,                       0.130876 ,             0.1576   ,              0.014577 ,            2.713467
0.4947791164658635  ,0.06295054484492875  ,3915.7115567351616 ,  7.42690763052232   ,     30.0 ,            0.0 ,    0.0 ,3961.1419508326726  ,                       0.133858 ,             0.157747 ,              0.014374 ,            2.634438
0.5068068068068068  ,0.06374172185430464  ,4064.632126380358  ,  7.84224224224238   ,     30.0 ,            0.0 ,    0.0 ,3937.721718565235   ,                       0.138383 ,             0.158836 ,              0.014662 ,            2.652215
0.4962962962962963  ,0.06219051615610575  ,4104.779952566987  ,  7.794494494494693  ,    170.0 ,            0.0 ,    0.0 ,3805.4805094558083  ,                       0.137723 ,             0.162375 ,              0.014491 ,            2.689936
0.5036511156186613  ,0.061591139668583025 ,3960.071554396362  ,  7.705983772819696  ,     50.0 ,            0.0 ,    0.0 ,3799.3920972644373  ,                       0.130376 ,             0.157372 ,              0.014654 ,            2.736516
0.5059              ,0.06144879267277269  ,3970.8428947921207 ,  7.645000000000252  ,      1.0 ,            0.0 ,    0.0 ,2323.9600278875205  ,                       0.133872 ,             0.176945 ,              0.013826 ,            4.421776
0.5069              ,0.06561048440610484  ,3834.8263590624615 , 10.416700000000386  ,     30.0 ,            0.0 ,    0.0 ,3989.6166134185305  ,                       0.195401 ,             0.157121 ,              0.016094 ,            2.609385
0.4927927927927928  ,0.06204440720569753  ,4041.5041029964573 ,  7.5928928928930715 ,     60.0 ,            0.0 ,    0.0 ,3876.994939665239   ,                       0.143796 ,             0.157272 ,              0.014138 ,            2.668322
0.49939759036144576 ,0.06376119902871975  ,4015.8764206767637 ,  7.571084337349569  ,     20.0 ,            0.0 ,    0.0 ,3946.329913180742   ,                       0.132467 ,             0.157286 ,              0.014566 ,            2.655395
0.5057              ,0.06215182506028103  ,4100.501655372518  ,  7.816200000000209  ,    160.0 ,            0.0 ,    0.0 ,4092.409240924092   ,                       0.142002 ,             0.159618 ,              0.014034 ,            2.524293
0.5068548387096774  ,0.06133143288337386  ,4221.215522839244  ,  7.689919354838905  ,    160.0 ,            0.0 ,    0.0 ,4047.327621379029   ,                       0.131546 ,             0.155889 ,              0.015574 ,            2.550713
0.5011088709677419  ,0.06113664855829503  ,4088.352933661116  ,  8.256350806451822  ,     20.0 ,            0.0 ,    0.0 ,3918.4952978056426  ,                       0.134563 ,             0.157642 ,              0.014385 ,            2.674315
0.5058              ,0.06258837228645096  ,4063.179185795776  ,  8.314400000000175  ,    170.0 ,            0.0 ,    0.0 ,3969.404186795491   ,                       0.141263 ,             0.161071 ,              0.014838 ,            2.584026
0.4976673427991886  ,0.06254237288135593  ,4174.391336910214  ,  7.406693711967737  ,    150.0 ,            0.0 ,    0.0 ,3719.00826446281    ,                       0.130589 ,             0.158563 ,              0.014749 ,            2.761736
0.5008080808080808  ,0.06130882104908079  ,3865.3408937839463 ,  7.087979797980106  ,    160.0 ,            0.0 ,    0.0 ,3861.424678863371   ,                       0.129507 ,             0.154801 ,              0.013954 ,            2.669641
0.4938508064516129  ,0.06344194661951671  ,3994.472165938105  ,  7.128528225806786  ,     30.0 ,            0.0 ,    0.0 ,3762.71186440678    ,                       0.138441 ,             0.155072 ,              0.016379 ,            2.773369
0.5037037037037037  ,0.0635046223036562   ,3907.345457446896  ,  7.789589589589745  ,     90.0 ,            0.0 ,    0.0 ,3882.627283326856   ,                       0.136007 ,             0.154058 ,              0.014177 ,            2.673685
0.4982982982982983  ,0.0620297609095469   ,4051.903299441738  ,  7.521821821822065  ,    170.0 ,            0.0 ,    0.0 ,3909.595559080095   ,                       0.145207 ,             0.177785 ,              0.017653 ,            2.654937
0.5064908722109533  ,0.06377443987580766  ,4072.021085305125  ,  7.644421906693945  ,     50.0 ,            0.0 ,    0.0 ,4004.8057669203044  ,                       0.12994  ,             0.154973 ,              0.014222 ,            2.620766
0.5125              ,0.06470588235294118  ,4166.755210214884  ,  7.868100000000208  ,    160.0 ,            0.0 ,    0.0 ,4065.5737704918033  ,                       0.148296 ,             0.164389 ,              0.015395 ,            2.563276
0.5085685483870968  ,0.06354906054279749  ,4171.1026679920005 ,  7.915322580645319  ,    160.0 ,            0.0 ,    0.0 ,3952.191235059761   ,                       0.132782 ,             0.162295 ,              0.014511 ,            2.60934
0.49848790322580644 ,0.061798223562929445 ,4034.67050936495   ,  8.017641129032446  ,      1.0 ,            0.0 ,    0.0 ,2409.6385542168678  ,                       0.130952 ,             0.152873 ,              0.014198 ,            4.273501
0.499               ,0.06222222222222222  ,3880.6347787145633 , 11.329200000000533  ,    160.0 ,            0.0 ,    0.0 ,4012.9449838187707  ,                       0.188904 ,             0.153286 ,              0.014776 ,            2.599524
0.5012096774193548  ,0.06341340500587939  ,4177.976755792626  ,  7.242540322580958  ,    160.0 ,            0.0 ,    0.0 ,4105.960264900662   ,                       0.145559 ,             0.157646 ,              0.015716 ,            2.53387
0.4944556451612903  ,0.06243688993604847  ,4195.265946874061  ,  7.184475806451897  ,    160.0 ,            0.0 ,    0.0 ,3789.152024446142   ,                       0.14694  ,             0.174704 ,              0.014918 ,            2.758951
0.5020161290322581  ,0.06433190560174687  ,3950.404896590586  ,  7.4517137096776365 ,     30.0 ,            0.0 ,    0.0 ,3893.219017926734   ,                       0.131682 ,             0.161011 ,              0.014463 ,            2.665665
0.48768768768768767 ,0.06052653503290844  ,4039.0987998337464 ,  7.859959959960159  ,     50.0 ,            0.0 ,    0.0 ,3828.4839203675347  ,                       0.138835 ,             0.158062 ,              0.015537 ,            2.742889
0.494               ,0.06239572906239573  ,3987.8689027976898 ,  7.664800000000148  ,     20.0 ,            0.0 ,    0.0 ,3891.0505836575876  ,                       0.133833 ,             0.155308 ,              0.014237 ,            2.670753
0.4934              ,0.06649201596806387  ,4044.600619956383  ,  7.969000000000153  ,     40.0 ,            0.0 ,    0.0 ,3960.39603960396    ,                       0.137271 ,             0.154858 ,              0.014395 ,            2.629407
0.4981              ,0.062343515272909364 ,4081.5193700746267 ,  7.797900000000174  ,    160.0 ,            0.0 ,    0.0 ,3771.8631178707224  ,                       0.136229 ,             0.154962 ,              0.014309 ,            2.741686
0.5039314516129032  ,0.062022018657030005 ,3911.155269315764  ,  7.715423387096961  ,    160.0 ,            0.0 ,    0.0 ,3767.565514622104   ,                       0.131765 ,             0.156226 ,              0.01458  ,            2.741811
0.5034274193548387  ,0.063108834397044    ,3894.321004326544  ,  7.618044354838904  ,     40.0 ,            0.0 ,    0.0 ,3947.887879984208   ,                       0.133054 ,             0.154877 ,              0.014354 ,            2.633592
0.5036              ,0.06336088154269973  ,4017.873106727969  ,  7.397700000000282  ,     30.0 ,            0.0 ,    0.0 ,3855.654187572366   ,                       0.134658 ,             0.155025 ,              0.014121 ,            2.710955
0.4933933933933934  ,0.06446764091858037  ,3981.3803712766717 ,  7.670870870871108  ,    160.0 ,            0.0 ,    0.0 ,3862.9283489096574  ,                       0.136168 ,             0.155329 ,              0.014265 ,            2.667287
0.5002016129032258  ,0.06251309339255039  ,4014.5056391258895 ,  7.625403225806706  ,     50.0 ,            0.0 ,    0.0 ,3996.8025579536375  ,                       0.132046 ,             0.155988 ,              0.014204 ,            2.61206
0.5026              ,0.06324193278715934  ,4107.125328518688  ,  7.650900000000193  ,     20.0 ,            0.0 ,    0.0 ,3933.910306845004   ,                       0.134414 ,             0.154068 ,              0.014396 ,            2.686811
0.4971              ,0.063585248883744    ,4078.0439743637844 ,  7.983100000000128  ,     30.0 ,            0.0 ,    0.0 ,4128.099173553719   ,                       0.137131 ,             0.154979 ,              0.014312 ,            2.544479
0.5053053053053053  ,0.06182212581344902  ,4151.367416378412  ,  7.895395395395542  ,     30.0 ,            0.0 ,    0.0 ,4072.564207093355   ,                       0.135788 ,             0.154506 ,              0.014152 ,            2.551518
0.4962962962962963  ,0.06348540758134855  ,4164.89828726375   ,  8.056756756756888  ,     20.0 ,            0.0 ,    0.0 ,3951.007506914263   ,                       0.135561 ,             0.155566 ,              0.01422  ,            2.655443
0.4914              ,0.06323234014060931  ,4047.0477393798383 ,  8.20150000000021   ,     30.0 ,            0.0 ,    0.0 ,3991.2105473431884  ,                       0.136678 ,             0.155252 ,              0.014189 ,            2.602725
0.487987987987988   ,0.06072264971562395  ,4080.473972171903  ,  7.88798798798818   ,     20.0 ,            0.0 ,    0.0 ,4027.3862263391056  ,                       0.135602 ,             0.155875 ,              0.01449  ,            2.584638
0.5025              ,0.06235440931780366  ,4151.361978838017  ,  7.9147000000000665 ,     20.0 ,            0.0 ,    0.0 ,3985.6516540454363  ,                       0.136437 ,             0.153915 ,              0.014103 ,            2.607132
0.5035              ,0.061360419615352595 ,4152.006623280966  ,  7.475700000000228  ,     30.0 ,            0.0 ,    0.0 ,3919.183993723029   ,                       0.137569 ,             0.158508 ,              0.014516 ,            2.649092
0.5074074074074074  ,0.0627444453690605   ,4065.963853215042  ,  7.522822822823045  ,     30.0 ,            0.0 ,    0.0 ,4229.466553767994   ,                       0.136957 ,             0.160384 ,              0.014525 ,            2.482443
0.503003003003003   ,0.06349206349206349  ,4298.2383676504    ,  7.544444444444663  ,     30.0 ,            0.0 ,    0.0 ,4104.354971240756   ,                       0.134849 ,             0.153416 ,              0.014095 ,            2.547367
0.509009009009009   ,0.06293067662930676  ,4149.899866530247  ,  7.62472472472493   ,     30.0 ,            0.0 ,    0.0 ,4067.589576547231   ,                       0.136779 ,             0.154953 ,              0.014433 ,            2.562426
0.4964964964964965  ,0.06302310010043521  ,4093.5207638616284 ,  7.594794794795008  ,     40.0 ,            0.0 ,    0.0 ,3990.4229848363925  ,                       0.136007 ,             0.156422 ,              0.014315 ,            2.606063
0.504               ,0.06337852449471845  ,4146.299697029881  ,  7.636600000000216  ,    160.0 ,            0.0 ,    0.0 ,3890.1960784313724  ,                       0.13464  ,             0.155892 ,              0.014554 ,            2.657335
0.4971774193548387  ,0.061619718309859156 ,3995.630584618755  ,  7.479334677419578  ,     30.0 ,            0.0 ,    0.0 ,3939.274447949527   ,                       0.132123 ,             0.155982 ,              0.014624 ,            2.663607
0.5037037037037037  ,0.06053268765133172  ,4020.6497997925685 ,  7.681681681681882  ,     30.0 ,            0.0 ,    0.0 ,3945.4976303317535  ,                       0.138822 ,             0.158594 ,              0.015055 ,            2.636565
0.5033033033033033  ,0.06254700426171973  ,4050.316362548318  ,  7.671271271271512  ,     50.0 ,            0.0 ,    0.0 ,4151.100041511      ,                       0.13508  ,             0.15898  ,              0.014728 ,            2.509444
0.4986              ,0.06090169378943872  ,4299.7936529025965 ,  7.2733000000002574 ,     30.0 ,            0.0 ,    0.0 ,3950.17793594306    ,                       0.150163 ,             0.158247 ,              0.014822 ,            2.629751
0.4973973973973974  ,0.0617826924687945   ,4071.233131279541  ,  7.494194194194434  ,     30.0 ,            0.0 ,    0.0 ,4012.0481927710844  ,                       0.134945 ,             0.15623  ,              0.014407 ,            2.590853
0.5066066066066066  ,0.06298360928529828  ,4189.525933542964  ,  7.786886886887057  ,     30.0 ,            0.0 ,    0.0 ,4052.738336713996   ,                       0.140411 ,             0.158204 ,              0.016257 ,            2.56633
0.5049049049049049  ,0.06426071011835306  ,4229.106667891513  ,  7.753253253253392  ,    160.0 ,            0.0 ,    0.0 ,4045.6769983686786  ,                       0.13756  ,             0.157996 ,              0.014523 ,            2.553004
0.5084677419354838  ,0.06151518971385352  ,4214.196745212724  ,  8.07399193548394   ,     30.0 ,            0.0 ,    0.0 ,3884.1368584758943  ,                       0.130923 ,             0.172315 ,              0.014189 ,            2.673052
0.4953953953953954  ,0.06201420810697869  ,4091.0833221398457 ,  7.932132132132348  ,    150.0 ,            0.0 ,    0.0 ,4019.488428745432   ,                       0.134263 ,             0.153133 ,              0.014048 ,            2.584802
0.5073737373737374  ,0.06222278014896644  ,4122.947115915201  ,  7.655353535353746  ,     50.0 ,            0.0 ,    0.0 ,3938.5584875935406  ,                       0.141354 ,             0.153419 ,              0.018071 ,            2.639432
0.4983              ,0.06357202331390507  ,4076.635862247213  ,  7.711200000000164  ,     30.0 ,            0.0 ,    0.0 ,3986.4325618515563  ,                       0.139605 ,             0.158131 ,              0.014837 ,            2.605485
0.4983983983983984  ,0.06199348316484251  ,4063.7144872438416 ,  7.709309309309313  ,     30.0 ,            0.0 ,    0.0 ,3980.0796812749004  ,                       0.135305 ,             0.154722 ,              0.014135 ,            2.650679
0.4936936936936937  ,0.060650149650814764 ,4147.75300981967   ,  7.292492492492727  ,     50.0 ,            0.0 ,    0.0 ,3755.163349605708   ,                       0.149903 ,             0.17399  ,              0.015755 ,            2.763343
0.4937              ,0.06105720976915356  ,3896.0684772995573 ,  7.238900000000289  ,     30.0 ,            0.0 ,    0.0 ,4042.8976123027114  ,                       0.142525 ,             0.154954 ,              0.015987 ,            2.574826
0.5065065065065065  ,0.06154806491885144  ,4154.753116584701  ,  7.657057057057288  ,    150.0 ,            0.0 ,    0.0 ,4001.616814874697   ,                       0.136653 ,             0.155866 ,              0.014722 ,            2.578127
0.5005050505050505  ,0.06369587109768379  ,4101.228255722766  ,  7.530303030303226  ,     30.0 ,            0.0 ,    0.0 ,3953.3043134151167  ,                       0.131176 ,             0.171189 ,              0.014075 ,            2.627184
0.5013013013013013  ,0.06321934945788157  ,4121.122215818921  ,  7.8517517517519115 ,     20.0 ,            0.0 ,    0.0 ,4088.3074407195422  ,                       0.138764 ,             0.152597 ,              0.015817 ,            2.546886
0.4984              ,0.06229138851802403  ,4199.478592737926  ,  8.668900000000212  ,    150.0 ,            1.0 ,    0.0 , 428.80390561432057 ,                       0.13932  ,             0.152812 ,              0.013882 ,            2.570078
0.5029292929292929  ,0.06268856855514583  ,4172.648164835619  , 14.898585858585989  ,     20.0 ,            1.0 ,    0.0 , 428.57142857142856 ,                       0.131281 ,             0.153455 ,              0.013887 ,            2.666995
0.5106              ,0.06311284693368789  ,4024.5011630808367 , 13.168100000000209  ,     50.0 ,            0.0 ,    0.0 ,4084.9673202614376  ,                       0.142799 ,             0.163186 ,              0.013981 ,            2.548303
0.5056              ,0.06232329951771162  ,4165.410101286112  ,  7.65940000000019   ,     20.0 ,            0.0 ,    0.0 ,3900.1560062402496  ,                       0.139826 ,             0.174286 ,              0.014501 ,            2.66225
0.4996              ,0.06241170115515665  ,4029.2312669958014 ,  8.089700000000171  ,     20.0 ,            0.0 ,    0.0 ,4101.722723543889   ,                       0.14086  ,             0.170949 ,              0.014793 ,            2.569201
0.4983              ,0.06248437890527368  ,4185.049496580396  ,  7.895899999999987  ,     20.0 ,            0.0 ,    0.0 ,4038.7722132471727  ,                       0.152432 ,             0.174705 ,              0.014529 ,            2.577364
0.4974              ,0.06247910397860247  ,4154.297246614871  ,  7.276200000000265  ,     20.0 ,            0.0 ,    0.0 ,3901.6777214202107  ,                       0.13735  ,             0.154093 ,              0.014113 ,            2.678166
0.4975              ,0.06265611990008327  ,4024.2209812418987 ,  7.420500000000255  ,     30.0 ,            0.0 ,    0.0 ,4020.1207243460767  ,                       0.137305 ,             0.154905 ,              0.014101 ,            2.586478
0.4980980980980981  ,0.06129113288118563  ,4156.912416892959  ,  7.4502502502504875 ,    150.0 ,            0.0 ,    0.0 ,3891.509433962264   ,                       0.134735 ,             0.156459 ,              0.014431 ,            2.686283
0.5070707070707071  ,0.06295175659774752  ,4013.8335353764687 ,  7.490404040404222  ,     30.0 ,            0.0 ,    0.0 ,4084.2191332788225  ,                       0.130661 ,             0.15652  ,              0.014395 ,            2.546114
0.503003003003003   ,0.063654518222666    ,4108.441469514254  ,  7.918518518518698  ,     30.0 ,            0.0 ,    0.0 ,4067.589576547231   ,                       0.135127 ,             0.155924 ,              0.015163 ,            2.557051
0.5048048048048048  ,0.06158455392809587  ,4212.30879638863   ,  8.044544544544683  ,     20.0 ,            0.0 ,    0.0 ,4043.671653861707   ,                       0.134563 ,             0.156308 ,              0.014706 ,            2.570076
0.4929              ,0.06151340516161363  ,4142.306452802146  ,  8.044600000000212  ,     30.0 ,            0.0 ,    0.0 ,4026.6021765417167  ,                       0.13823  ,             0.156031 ,              0.014717 ,            2.581476
0.508008008008008   ,0.06579495294411593  ,4180.239893046114  ,  8.049749749749914  ,     30.0 ,            0.0 ,    0.0 ,3916.1113288906313  ,                       0.141214 ,             0.160484 ,              0.016351 ,            2.6956
0.5008008008008008  ,0.06306794497707378  ,4045.1518308664927 ,  8.042442442442614  ,     30.0 ,            0.0 ,    0.0 ,4018.503620273532   ,                       0.136812 ,             0.17829  ,              0.014194 ,            2.625818
0.5082082082082082  ,0.06255726780508121  ,4079.325943451314  ,  7.444644644644929  ,     30.0 ,            0.0 ,    0.0 ,3967.4344718030184  ,                       0.135785 ,             0.15514  ,              0.014129 ,            2.634758
0.5024024024024024  ,0.06081137251641865  ,4049.354292153413  ,  7.83343343343359   ,     30.0 ,            0.0 ,    0.0 ,4240.237691001698   ,                       0.135801 ,             0.154246 ,              0.014097 ,            2.487593
0.4944944944944945  ,0.06252608731947575  ,4260.9147019470975 ,  7.348848848849083  ,     30.0 ,            0.0 ,    0.0 ,3959.5719381688464  ,                       0.135251 ,             0.153949 ,              0.014112 ,            2.661333
0.5                 ,0.061234733143717586 ,4080.2873110416494 ,  7.573273273273512  ,     30.0 ,            0.0 ,    0.0 ,4002.4038461538457  ,                       0.138542 ,             0.156498 ,              0.01422  ,            2.595973
0.5052052052052052  ,0.06085869112130054  ,4164.382647988778  ,  7.764964964965144  ,     40.0 ,            0.0 ,    0.0 ,4065.0406504065045  ,                       0.135678 ,             0.153938 ,              0.01401  ,            2.588322
0.503               ,0.06303427670346087  ,4109.381883214654  ,  7.7053000000001735 ,     30.0 ,            0.0 ,    0.0 ,3926.88679245283    ,                       0.133871 ,             0.15412  ,              0.014229 ,            2.644222
0.5094094094094094  ,0.06331209136803774  ,4071.9068589008866 ,  7.901601601601768  ,     30.0 ,            0.0 ,    0.0 ,4060.975609756097   ,                       0.135967 ,             0.152802 ,              0.014372 ,            2.561025
0.4972972972972973  ,0.06270805592543276  ,4221.315233370279  ,  7.844044044044221  ,     30.0 ,            0.0 ,    0.0 ,3975.328292877039   ,                       0.134531 ,             0.152982 ,              0.013773 ,            2.614041
0.5007007007007007  ,0.06043358165229765  ,4092.0133647859925 ,  7.8614614614616105 ,     30.0 ,            0.0 ,    0.0 ,4057.676685621446   ,                       0.135461 ,             0.173527 ,              0.014404 ,            2.577564
0.4952952952952953  ,0.06100729070644431  ,4119.905328782054  ,  7.56586586586617   ,     30.0 ,            0.0 ,    0.0 ,3948.6166007905135  ,                       0.135266 ,             0.155797 ,              0.014268 ,            2.630662
0.5032032032032032  ,0.06059092800665834  ,4076.587614600468  ,  7.741241241241356  ,     20.0 ,            0.0 ,    0.0 ,4004.8057669203044  ,                       0.135864 ,             0.155531 ,              0.014468 ,            2.614101
0.5044              ,0.06349206349206349  ,4168.650249410345  ,  7.959800000000138  ,     70.0 ,            0.0 ,    0.0 ,3985.5653568564553  ,                       0.138583 ,             0.159734 ,              0.014645 ,            2.632236
0.49919517102615696 ,0.0660100586756077   ,4055.5785625544436 ,  7.766398390342237  ,     30.0 ,            0.0 ,    0.0 ,4031.476997578692   ,                       0.132622 ,             0.154268 ,              0.014099 ,            2.578205
0.4940940940940941  ,0.06055913618481627  ,4136.387331475341  ,  7.808308308308456  ,     40.0 ,            0.0 ,    0.0 ,4050.2227622519235  ,                       0.13653  ,             0.159667 ,              0.014445 ,            2.568511
0.5072              ,0.0622614899618384   ,4165.323349886328  ,  7.814100000000161  ,     40.0 ,            1.0 ,    0.0 , 401.46548399537215 ,                       0.143969 ,             0.155678 ,              0.018553 ,            2.686694
0.5021              ,0.06225453329990808  ,3957.3524046060415 , 13.90000000000017   ,     30.0 ,            0.0 ,    0.0 ,3942.3835832675613  ,                       0.136053 ,             0.154178 ,              0.014352 ,            2.634166
0.5003003003003003  ,0.06427858212680979  ,4069.1486436782175 ,  7.911611611611755  ,     40.0 ,            0.0 ,    0.0 ,4074.9796251018743  ,                       0.153607 ,             0.157505 ,              0.014396 ,            2.583721
0.4952              ,0.06155192532088682  ,4177.800505012526  ,  7.746500000000197  ,     30.0 ,            0.0 ,    0.0 ,3976.9108280254777  ,                       0.138414 ,             0.158797 ,              0.014666 ,            2.611985
0.4931931931931932  ,0.06246341667363492  ,4165.252537718676  ,  7.7340340340342095 ,    160.0 ,            0.0 ,    0.0 ,4083.985179086044   ,                       0.136009 ,             0.173309 ,              0.014102 ,            2.549623
0.4998991935483871  ,0.060450647385236256 ,4157.425614770931  ,  7.972681451612911  ,     30.0 ,            0.0 ,    0.0 ,4075.8873929008564  ,                       0.131809 ,             0.160049 ,              0.01449  ,            2.551411
0.4960960960960961  ,0.06252088205813565  ,4166.355614925313  ,  7.4101101101103755 ,     30.0 ,            0.0 ,    0.0 ,4062.6270841805613  ,                       0.135215 ,             0.174121 ,              0.014227 ,            2.568584
0.5042042042042042  ,0.06319299708211755  ,4211.149302314994  ,  7.49059059059081   ,     30.0 ,            0.0 ,    0.0 ,4016.8878166465624  ,                       0.134805 ,             0.15335  ,              0.014429 ,            2.617402
0.5051051051051051  ,0.06324225562660908  ,4105.410841079095  , 12.417717717717288  ,     40.0 ,            0.0 ,    0.0 ,3963.5354736424893  ,                       0.134094 ,             0.154489 ,              0.014022 ,            2.623264
0.5021              ,0.061207471647765174 ,4081.039653013684  ,  7.734700000000224  ,    160.0 ,            0.0 ,    0.0 ,3956.9206222576786  ,                       0.135442 ,             0.156015 ,              0.015012 ,            2.606583
0.49899193548387094 ,0.062273684210526314 ,4093.155600154814  ,  7.483669354838956  ,     20.0 ,            0.0 ,    0.0 ,4073.3197556008145  ,                       0.217568 ,             0.224507 ,              0.018857 ,            2.558138
0.4981              ,0.06210947263184204  ,4196.060067439077  ,  7.766100000000172  ,     50.0 ,            0.0 ,    0.0 ,3940.1103230890462  ,                       0.13995  ,             0.16046  ,              0.013863 ,            2.637638
0.5029              ,0.06414624013294558  ,4090.1334528743005 ,  7.585000000000194  ,    160.0 ,            0.0 ,    0.0 ,3882.583170254403   ,                       0.136883 ,             0.154641 ,              0.014624 ,            2.654391
0.4942540322580645  ,0.06239467475564543  ,3955.6047170586253 ,  7.547782258064737  ,     30.0 ,            0.0 ,    0.0 ,3973.747016706444   ,                       0.140005 ,             0.152688 ,              0.014026 ,            2.614778
0.4988988988988989  ,0.06367353751147459  ,4123.1718128583525 ,  7.638338338338404  ,     40.0 ,            0.0 ,    0.0 ,4035.5125100887817  ,                       0.135363 ,             0.152433 ,              0.013854 ,            2.577797
0.5023              ,0.06290645322661331  ,4093.8993121839767 ,  7.327400000000289  ,    160.0 ,            0.0 ,    0.0 ,3888.671109368875   ,                       0.132741 ,             0.152583 ,              0.01385  ,            2.688796
0.49435483870967745 ,0.062230489557791493 ,3951.0452745179878 ,  7.16260080645193   ,    140.0 ,            1.0 ,    0.0 , 419.46972694895135 ,                       0.13029  ,             0.152606 ,              0.013715 ,            2.672845
0.5030181086519114  ,0.06181181181181181  ,3979.5051481344767 , 12.114788732394688  ,     30.0 ,            0.0 ,    0.0 ,3931.5230224321135  ,                       0.132558 ,             0.153598 ,              0.014134 ,            2.642231
0.4941941941941942  ,0.06055421083382022  ,4083.970355035609  ,  7.60860860860878   ,     40.0 ,            0.0 ,    0.0 ,3949.447077409163   ,                       0.134864 ,             0.153385 ,              0.014273 ,            2.632145
0.5026              ,0.06210350584307179  ,4084.298282838473  ,  7.546300000000205  ,     30.0 ,            0.0 ,    0.0 ,4077.551020408163   ,                       0.135062 ,             0.15817  ,              0.01515  ,            2.573146
0.4972972972972973  ,0.06242711977344661  ,4132.667307871304  ,  7.675975975976164  ,     40.0 ,            0.0 ,    0.0 ,4001.600640256102   ,                       0.136202 ,             0.153737 ,              0.014326 ,            2.631711
0.5067              ,0.06153462879920279  ,4104.086192376578  ,  7.760400000000179  ,     30.0 ,            0.0 ,    0.0 ,3981.666002391391   ,                       0.137361 ,             0.156768 ,              0.014079 ,            2.637625
0.4966966966966967  ,0.06184495092330727  ,4071.4322393855446 ,  7.7765765765767325 ,     40.0 ,            0.0 ,    0.0 ,3861.003861003861   ,                       0.135115 ,             0.153324 ,              0.013908 ,            2.691464
0.4979              ,0.06358045212765957  ,4005.6479636287163 ,  7.856900000000174  ,     30.0 ,            0.0 ,    0.0 ,4044.534412955466   ,                       0.136068 ,             0.154213 ,              0.014304 ,            2.571057
0.505005005005005   ,0.062271214642262894 ,4191.287157292     ,  7.839539539539611  ,     30.0 ,            0.0 ,    0.0 ,4033.1045619701254  ,                       0.136387 ,             0.154307 ,              0.014088 ,            2.612794
0.4954954954954955  ,0.06183333333333333  ,4150.4843478130815 ,  7.27817817817847   ,    100.0 ,            0.0 ,    0.0 ,4096.6816878328555  ,                       0.137421 ,             0.157547 ,              0.014301 ,            2.540381
